证券代码,历史简称
600000,"G浦发,浦发银行"
600004,"G穗机场,白云机场"
600006,"S东汽,东风汽车"
600007,"G国贸,中国国贸"
600008,"G首创,首创股份,首创环保"
600009,"上海机场,G沪机场,上海机场"
600010,"包钢股份,G包钢,包钢股份"
600011,"G华能,华能国际"
600012,"G皖通,皖通高速"
600015,"G华夏,华夏银行"
600016,"G民生,民生银行"
600018,上港集团
600019,"G宝钢,宝钢股份"
600020,"G中原,中原高速"
600021,"G上电,上海电力"
600022,"G济钢,济南钢铁,山东钢铁"
600026,"G中海,中海发展,中远海能"
600027,"G华电电,华电国际"
600029,"S南航,南方航空"
600030,"G中信,中信证券"
600031,"G三一,三一重工"
600033,"G闽高速,福建高速"
600035,"S楚高速,楚天高速"
600036,"G招行,招商银行"
600037,"G歌华,歌华有线"
600038,"G哈飞,哈飞股份,中直股份"
600039,"S川路桥,四川路桥"
600048,保利发展
600050,"G联通,中国联通"
600051,"G联合,宁波联合"
600052,"S浙广厦,浙江广厦,*ST广厦,浙江广厦,东望时代"
600053,"ST江纸,*ST江纸,ST江纸,SST江纸,ST江纸,中江地产,九鼎投资"
600054,"G黄山,黄山旅游"
600055,"G万东,万东医疗,华润万东,万东医疗"
600056,"G中技,中技贸易,中国医药"
600057,"ST厦新,厦新电子,夏新电子,G夏新,夏新电子,*ST夏新,象屿股份,厦门象屿"
600058,"龙腾科技,五矿发展,G五矿,五矿发展"
600059,"G龙山,古越龙山"
600060,"G海信,海信电器,海信视像"
600061,"G中纺,中纺投资,国投安信,国投资本"
600062,"G双鹤,双鹤药业,华润双鹤"
600063,"皖维高新,G皖维,皖维高新"
600064,"南京高科,G宁高科,南京高科"
600066,"宇通客车,G宇通,宇通客车"
600067,"福州大通,冠城大通,G冠城,冠城大通"
600070,"G富润,浙江富润,ST富润"
600071,"G光学,凤凰光学,*ST光学,凤凰光学"
600072,"G江南,江南重工,中船股份,钢构工程,*ST钢构,钢构工程,中船科技"
600073,"G梅林,上海梅林"
600075,"G天业,新疆天业,*ST新业,新疆天业"
600076,"青鸟华光,*ST华光,G*ST华光,*ST华光,ST华光,*ST华光,ST华光,*ST华光,青鸟华光,康欣新材"
600077,"国能集团,*ST国能,国能集团,S辽国能,国能集团,百科集团,*ST百科,ST百科,百科集团,宋都股份,*ST宋都"
600078,"澄星股份,G澄星,澄星股份,*ST澄星,ST澄星"
600079,"人福科技,G人福,人福科技,人福医药"
600080,"G金花,金花股份,*ST金花,ST金花,*ST金花,ST金花,金花股份,ST金花,金花股份"
600081,"东风科技,S东风科,东风科技"
600082,"海泰发展,ST海泰,海泰发展,G海泰,海泰发展"
600083,"ST红光,PT红光,ST红光,ST博讯,SST博讯,ST博讯,*ST博讯,*ST博信,ST博信,*ST博信,ST博信,博信股份,*ST博信,博信股份"
600084,"G新天,新天国际,*ST新天,ST新天,ST中葡,*ST中葡,ST中葡,中葡股份,*ST中葡,ST中葡,*ST中葡,中葡股份"
600085,"G同仁堂,同仁堂"
600088,"中视传媒,G中视,中视传媒"
600089,"G特变,特变电工"
600094,"S华源,华源股份,*ST华源(*ST华源B),ST华源(ST华源B),大名城（大名城B）"
600095,"G哈高科,哈高科,湘财股份"
600096,"G云天化,云天化"
600097,"ST恒泰,华立科技,G浙华立,华立科技,开创国际"
600098,"广州控股,G广控,广州控股,广州发展"
600099,"G林海,林海股份"
600100,"G同方,同方股份"
600101,"S明星电,明星电力,*ST明星,明星电力"
600103,"S青纸,青山纸业"
600104,"G上汽,上海汽车,上汽集团"
600105,"G永鼎,永鼎光缆,永鼎股份"
600106,"G渝路桥,重庆路桥"
600107,"S美尔雅,美尔雅"
600108,"G亚盛,亚盛集团"
600109,"ST成百,成都建投,S成建投,成都建投,国金证券"
600110,"中科英华,G英华,中科英华,诺德股份"
600111,"G稀土,稀土高科,包钢稀土,北方稀土"
600112,"G长征,长征电器,长征电气,天成控股,*ST天成,天成控股,ST天成,*ST天成,ST天成"
600113,"G东日,浙江东日"
600114,"G东睦,宁波东睦,东睦股份"
600115,"S东航,东方航空,ST东航,东方航空,中国东航"
600116,"S渝水利,三峡水利"
600117,"G西钢,西宁特钢,*ST西钢"
600118,"中国卫星,G卫星,中国卫星"
600119,"G长投,长江投资,*ST长投,ST长投,长江投资"
600120,"G浙东方,浙江东方"
600121,"G郑煤电,郑州煤电,*ST郑煤,郑州煤电"
600123,"兰花科创,G兰花,兰花科创"
600125,"铁龙物流,G铁龙,铁龙物流"
600126,"G杭钢,杭钢股份"
600127,"S金健,金健米业"
600128,"弘业股份,G弘业,弘业股份"
600129,"G太极,太极集团"
600130,"G波导,波导股份,*ST波导,ST波导,波导股份"
600131,"S岷电,岷江水电,*ST岷电,岷江水电,国网信通"
600132,"G重啤,重庆啤酒"
600133,"S东湖新,东湖高新"
600135,"S乐凯,乐凯胶片"
600136,"*ST道博,S*ST道博,*ST道博,ST道博,道博股份,当代明诚,当代文体,ST明诚,*ST明诚"
600137,"ST包装,长江包装,长江控股,ST长控,*ST长控,ST长控,*ST长控,S*ST长控,*ST长控,*ST浪莎,ST浪莎,浪莎股份"
600138,"青旅控股,中青旅,G中青旅,中青旅"
600141,"G兴发,兴发集团"
600143,"G金发,金发科技"
600148,"长春一东,G一东,长春一东"
600149,"华夏建通,S华夏通,华夏建通,ST建通,*ST建通,ST廊发展,廊坊发展,*ST坊展,ST坊展,廊坊发展"
600150,"ST重机,沪东重机,G重机,沪东重机,中国船舶,*ST船舶,中国船舶"
600151,"G航天,航天机电"
600152,"维科精华,G维科,维科精华,维科技术"
600153,"建发股份,G建发,建发股份"
600155,"G宝硕,宝硕股份,*ST宝硕,宝硕股份,华创阳安,华创云信"
600156,"*ST鑫泰,益鑫泰,华升股份,G华升,华升股份"
600157,"S鲁润,鲁润股份,永泰能源,*ST永泰,ST永泰,永泰能源"
600158,"S中体产,中体产业"
600159,"*ST宁窖,ST宁窖,*ST宁窖,ST宁窖,GST宁窖,G大龙,大龙地产"
600160,"G巨化,巨化股份"
600161,"G天坛,天坛生物"
600162,"香江控股,S香江控,香江控股"
600163,"G南纸,福建南纸,*ST南纸,*ST闽能,中闽能源"
600165,"G宁恒力,宁夏恒力,新日恒力,宁科生物"
600166,"福田汽车,G福田,福田汽车"
600167,"ST黎明,ST沈新开,沈阳新开,S沈新开,沈阳新开,联美控股"
600168,"武汉控股,G武控,武汉控股"
600169,"G太重,太原重工"
600170,"G建工,上海建工"
600171,"G贝岭,上海贝岭"
600172,"G旋风,黄河旋风"
600173,"*ST丹江,S*ST丹江,ST丹江,ST卧龙,卧龙地产"
600176,"中国玻纤,G玻纤,中国玻纤,中国巨石"
600177,"G雅戈尔,雅戈尔"
600178,"G东安,东安动力,*ST东安,东安动力"
600179,"G黑化,黑化股份,*ST黑化,ST黑化,黑化股份,ST黑化,*ST黑化,黑化股份,安通控股,ST安通,*ST安通,安通控股"
600180,"G九发,九发股份,*ST九发,ST九发,九发股份,瑞茂通"
600182,"ST桦林,*ST桦林,桦林轮胎,佳通轮胎,S佳通,SST佳通,S*ST佳通,S佳通"
600183,"生益科技,G生益,生益科技"
600184,"S新华光,新华光,光电股份"
600185,"G海星,海星科技,*ST海星,格力地产"
600186,"S莲花味,莲花味精,莲花健康,*ST莲花,莲花健康"
600187,"*ST黑龙,S*ST黑龙,ST黑龙,ST国中,国中水务"
600188,"G兖煤,兖州煤业,兖矿能源"
600189,"G森工,吉林森工,泉阳泉"
600190,"ST锦州港(ST锦港B),锦州港(锦港B股),G锦州港,锦州港"
600191,"G华资,华资实业,*ST华资,华资实业"
600192,"G电工,长城电工"
600193,"创兴科技,G创兴,创兴科技,创兴置业,创兴资源,*ST创兴,ST创兴,创兴资源"
600195,"G中牧,中牧股份"
600196,"复星医药,G复星,复星医药"
600197,"G伊力特,伊力特"
600198,"G大唐,大唐电信,*ST大唐,ST大唐,大唐电信,*ST大唐,大唐电信,*ST大唐,大唐电信"
600199,"*ST金牛,ST金牛,GST金牛,GST种子,ST金种子,金种子酒"
600200,"G吴中,江苏吴中"
600201,"G金宇,金宇集团,生物股份"
600202,"G哈空调,哈空调,*ST哈空,哈空调"
600203,"*ST福日,ST福日,福日股份,G福日,福日股份,福日电子,*ST福日,ST福日,福日电子"
600206,"G有研,有研硅股,有研新材"
600207,"G安彩,安彩高科,*ST安彩,ST安彩,安彩高科"
600208,"中宝股份,G中宝,中宝股份,新湖中宝"
600210,"G紫江,紫江企业"
600211,"S藏药业,西藏药业"
600212,"G江泉,江泉实业,*ST江泉,江泉实业,*ST江泉,江泉实业,*ST江泉,江泉实业,绿能慧充"
600213,"*ST亚星,S*ST亚星,*ST亚星,ST亚星,亚星客车"
600215,"S长经开,长春经开,*ST经开,长春经开,派斯林"
600216,"G浙医药,浙江医药"
600217,"G秦岭,秦岭水泥,*ST秦岭,ST秦岭,*ST秦岭,ST秦岭,秦岭水泥,*ST秦岭,秦岭水泥,中再资环"
600218,"G全柴,全柴动力"
600219,"G南山,南山实业,南山铝业"
600220,"G苏阳光,江苏阳光"
600221,"G海航,海南航空,海航控股(海控B股),*ST海航(*ST海航B),ST海航（ST海航B）,海航控股(海控B股)"
600222,"竹林众生,太龙药业,G太龙,太龙药业"
600223,"万杰高科,G万杰,万杰高科,*ST万杰,ST万杰,ST鲁置业,鲁商置业,鲁商发展,福瑞达"
600225,"天香集团,*ST天香,S*ST天香,ST天香,ST松江,天津松江,*ST松江,天津松江,*ST松江,天津松江,卓朗科技"
600226,"G拜克,升华拜克,瀚叶股份,*ST瀚叶,ST瀚叶,瀚叶股份"
600227,"G赤天化,赤天化,圣济堂,赤天化"
600228,"昌九生化,G昌九,昌九生化,*ST昌九,ST昌九,昌九生化,*ST昌九,昌九生化,*ST昌九,ST昌九,昌九生化,返利科技"
600229,"G碱业,青岛碱业,城市传媒"
600230,"G沧大,沧州大化,*ST沧大,沧州大化"
600231,"G凌钢,凌钢股份"
600232,"G金鹰,金鹰股份"
600233,"大连创世,大杨创世,G大杨,大杨创世,圆通速递"
600234,"ST天龙,*ST天龙,ST天龙,*ST天龙,S*ST天龙,*ST天龙,ST天龙,*ST天龙,ST天龙,*ST天龙,*ST山水,山水文化,*ST山水,ST山水,*ST山水,ST山水,山水文化,科新发展"
600235,"G特纸,民丰特纸"
600236,"G桂冠,桂冠电力"
600237,"G铜峰,铜峰电子"
600238,"G椰岛,海南椰岛,*ST椰岛,ST椰岛,海南椰岛"
600239,"S红河,S城投,云南城投,*ST云城,ST云城,云南城投"
600241,"G辽时代,辽宁时代,时代万恒,*ST时万,ST时万,时代万恒"
600243,"S华鼎,青海华鼎,*ST海华,青海华鼎"
600246,"G先锋,先锋股份,万通先锋,万通地产,万通发展"
600248,"*ST秦丰,S*ST秦丰,*ST秦丰,ST化建,延长化建,陕西建工,陕建股份"
600249,"G两面针,两面针"
600250,"G宁南纺,南纺股份,*ST南纺,南纺股份"
600251,"G冠农,冠农股份"
600252,"梧州中恒,中恒集团,S中恒,中恒集团"
600255,"G鑫科,鑫科材料,梦舟股份,*ST梦舟,*ST鑫科,鑫科材料"
600256,"G广汇,广汇股份,广汇能源"
600257,"G水殖,洞庭水殖,大湖股份"
600258,"S首旅,首旅股份,首旅酒店"
600259,"*ST聚酯,S*ST聚酯,ST聚酯,ST有色,广晟有色"
600261,"G浙阳光,浙江阳光,阳光照明"
600262,"G北重,北方股份"
600265,"G景谷,景谷林业,ST景谷,*ST景谷,ST景谷,*ST景谷,ST景谷,*ST景谷,ST景谷"
600266,"Ｇ城建,北京城建,城建发展"
600267,"G海正,海正药业"
600268,"G南自,国电南自"
600269,"G赣粤,赣粤高速"
600271,"G航信,航天信息"
600272,"S开开,开开实业"
600273,"G华芳,华芳纺织,嘉化能源"
600276,"G恒瑞,恒瑞医药"
600277,"G亿利,亿利科技,亿利能源,亿利洁能"
600278,"G东创,东方创业"
600279,"G重庆港,重庆港九,重庆港"
600280,"G宁中商,南京中商,中央商场,*ST中商,中央商场"
600281,"*ST太化,ST太化,太化股份,华阳新材"
600282,"S南钢,南钢股份,*ST南钢,南钢股份"
600283,"S钱江水,钱江水利"
600284,"G浦建,浦东建设"
600285,"G羚锐,羚锐股份,羚锐制药"
600287,"G舜天,江苏舜天"
600288,"G大恒,大恒科技"
600289,"G信通,亿阳信通,ST信通,*ST信通,ST信通"
600290,"S苏福马,华仪电气,ST华仪,*ST华仪,ST华仪,*ST华仪"
600292,"G九电,九龙电力,中电远达,远达环保"
600293,"G三峡,三峡新材"
600295,"G鄂绒,鄂尔多斯,鄂资B股"
600297,"S美罗,美罗药业,广汇汽车"
600298,"G安琪,安琪酵母"
600299,"G新材料,星新材料,蓝星新材,*ST新材,ST新材,蓝星新材,*ST新材,蓝星新材,安迪苏"
600300,"G维维,维维股份,ST维维,维维股份"
600301,"G南化,南化股份,*ST南化,ST南化,南化股份,*ST南化,ST南化,*ST南化,ST南化,*ST南化,南化股份,华锡有色"
600302,"G标准,标准股份"
600303,"G曙光,曙光股份,ST曙光"
600305,"G恒顺,恒顺醋业"
600306,"G商业城,商业城,*ST商城,商业城,*ST商城,商业城,*ST商城,ST商城,*ST商城"
600307,"G酒钢,酒钢宏兴"
600308,"G华泰,华泰股份"
600309,"G万华,烟台万华,万华化学"
600310,"G桂东,桂东电力,广西能源"
600312,"G平高,平高电气"
600313,"ST中农,*ST中农,中农资源,ST中农,SST中农,ST中农,*ST中农,ST中农,中农资源,农发种业"
600315,"G家化,上海家化"
600316,"G洪都,洪都航空"
600318,"S巢东,巢东股份,新力金融"
600319,"G亚星,亚星化学,*ST亚星,亚星化学,*ST亚星,亚星化学,ST亚星,*ST亚星,亚星化学"
600320,"G振华,振华港机,振华重工"
600321,"G国栋,国栋建设,正源股份,*ST正源,ST正源,正源股份"
600322,"G天房,天房发展"
600323,"G南海,南海发展,瀚蓝环境"
600325,"G华发,华发股份"
600326,"G藏天路,西藏天路"
600327,"G大厦,大厦股份,大东方"
600328,"G兰太,兰太实业,中盐化工"
600329,"G中新,中新药业,*ST中新,中新药业,达仁堂"
600330,"G天通,天通股份"
600331,"G宏达,宏达股份"
600332,"G广药,广州药业,白云山(白云山)"
600333,"S长燃,长春燃气"
600335,"*ST中发,*ST盛工,ST盛工,鼎盛天工,S鼎盛天,鼎盛天工,*ST盛工,国机汽车"
600336,"G澳柯玛,澳柯玛"
600337,"G美克,美克股份,美克家居"
600338,"ST珠峰,*ST珠峰,ST珠峰,SST珠峰,ST珠峰,*ST珠峰,西藏珠峰"
600339,"G天利,天利高新,*ST天利,*ST油工,中油工程"
600340,"G国祥,国祥股份,*ST国祥,ST国祥,华夏幸福"
600343,"G航动力,航天动力"
600345,"G长通,长江通信"
600346,"G大橡塑,大橡塑,*ST橡塑,恒力股份,恒力石化"
600348,"G国阳,国阳新能,阳泉煤业,华阳股份"
600350,"G基建,G鲁高速,山东高速"
600351,"G亚宝,亚宝药业"
600352,"G龙盛,浙江龙盛"
600353,"S旭光,旭光股份,旭光电子"
600354,"G敦种,敦煌种业,*ST敦种,敦煌种业"
600355,"G精伦,精伦电子,*ST精伦,ST精伦,精伦电子"
600356,"G恒丰,恒丰纸业"
600358,"G国旅,国旅联合,*ST联合,国旅联合,*ST联合,国旅联合"
600359,"G新农,新农开发,*ST新农,新农开发"
600360,"G华微,华微电子"
600361,"华联综超,G综超,华联综超,创新新材"
600362,"G江铜,江西铜业"
600363,"G联创,联创光电"
600365,"通葡股份,G通葡酒,通葡股份,*ST通葡,通葡股份,ST通葡"
600366,"G韵升,宁波韵升"
600367,"G红星,红星发展"
600368,"G交通,五洲交通"
600369,"*ST长运,ST长运,GST长运,ST长运,*ST长运,西南证券"
600370,"G三房巷,三房巷"
600371,"G华冠,华冠科技,万向德农"
600372,"G昌河,昌河股份,*ST昌河,ST昌河,中航电子"
600373,"G鑫新,鑫新股份,*ST鑫新,中文传媒"
600375,"G星马,星马汽车,华菱星马,*ST星马,华菱星马,汉马科技"
600376,"G天鸿宝,天鸿宝业,首开股份"
600377,"G宁沪,宁沪高速"
600378,"S天科,天科股份,昊华科技"
600379,"S宝光,宝光股份"
600380,"健康元,S健康元,健康元"
600381,"贤成实业,S贤成,贤成实业,*ST贤成,ST贤成,贤成矿业,ST贤成,*ST贤成,贤成矿业,青海春天,ST春天,青海春天"
600382,"G粤明珠,广东明珠,*ST广珠,ST广珠,广东明珠"
600383,"G金地,金地集团"
600386,"G北巴,北京巴士,*ST北巴,北京巴士,北巴传媒"
600387,"S海越,海越股份,海越能源,ST海越,海越能源,ST海越"
600388,"G龙净,龙净环保,ST龙净"
600389,"G江山,江山股份"
600390,"G金瑞,金瑞科技,*ST金瑞,五矿资本"
600391,"G成发,成发科技,航发科技"
600392,"G天成,太工天成,*ST天成,盛和资源"
600393,"G东华,东华实业,粤泰股份,ST粤泰,粤泰股份,ST粤泰"
600395,"G盘江,盘江股份"
600396,"G金山,金山股份,*ST金山,金山股份,*ST金山"
600397,"G安源,安源股份,安源煤业,*ST安煤,安源煤业"
600398,"凯诺科技,G凯诺,凯诺科技,海澜之家"
600399,"G抚钢,抚顺特钢,*ST抚钢,ST抚钢,抚顺特钢"
600400,"G红豆,红豆股份"
600403,"G欣网,欣网视讯,大有能源,*ST大有,大有能源,ST大有,大有能源"
600405,"G动力源,动力源"
600406,"S南瑞,国电南瑞"
600408,"G安泰,安泰集团,*ST安泰,安泰集团,*ST安泰,ST安泰,安泰集团"
600409,"G唐三友,三友化工"
600410,"G华胜,华胜天成"
600415,"G小商品,小商品城"
600416,"G湘电,湘电股份,*ST湘电,湘电股份"
600418,"江淮汽车,G江汽,江淮汽车"
600419,"*ST天宏,G*ST天宏,*ST天宏,ST天宏,*ST天宏,ST天宏,新疆天宏,天润乳业"
600420,"G现代,现代制药,国药现代"
600421,"国药科技,G国药,春天股份,国药科技,ST国药,*ST国药,ST国药,*ST国药,国药科技,仰帆控股,ST仰帆,*ST仰帆,ST仰帆,ST华嵘,华嵘控股"
600422,"G昆药,昆明制药,昆药集团"
600423,"G柳化,柳化股份,*ST柳化,ST柳化,柳化股份"
600425,"G青松,青松建化,*ST青松,青松建化"
600426,"G恒升,华鲁恒升"
600428,"G中远,中远航运,中远海特"
600429,"G三元,G*ST三元,*ST三元,ST三元,三元股份"
600433,"G冠豪,冠豪高新"
600435,"G天鸟,北方天鸟,中兵光电,北方导航"
600436,"G片仔癀,片仔癀"
600438,"G通威,通威股份"
600439,"G瑞贝卡,瑞贝卡"
600444,"G国通,国通管业,*ST国通,ST国通,国通管业,*ST国通,国通管业,*ST国通,国机通用"
600446,"G金证,金证股份"
600448,"G华纺,华纺股份"
600449,"G赛马,赛马实业,宁夏建材"
600452,"G涪电力,涪陵电力"
600455,"G博通,交大博通,*ST博通,ST博通,博通股份"
600456,"G宝钛,宝钛股份"
600458,"G时代,时代新材"
600459,"G贵研,贵研铂业"
600460,"G士兰微,士兰微"
600461,"G水业,洪城水业,洪城环境"
600462,"S石纸,石岘纸业,*ST石岘,ST石岘,*ST石岘,石岘纸业,九有股份,ST九有,*ST九有,ST九有"
600463,"G空港,空港股份"
600467,"G好当家,好当家"
600468,"百利电气,G百利,百利电气"
600469,"G风神,风神股份"
600470,"G六国,六国化工,*ST六化,六国化工"
600475,"G华光,华光股份,华光环能"
600476,"G湘邮,湘邮科技"
600477,"G杭萧,杭萧钢构"
600478,"S力元,力元新材,科力远"
600479,"G千金,千金药业"
600480,"G凌云,凌云股份"
600481,"G双良,双良股份,双良节能"
600482,"G风帆,风帆股份,中国动力"
600483,"G南纺,福建南纺,福能股份"
600486,"G扬农,扬农化工"
600487,"G亨通,亨通光电"
600488,"G天药,天药股份,津药药业"
600489,"G中黄金,中金黄金"
600490,"G中科,中科合臣,*ST合臣,ST合臣,中科合臣,鹏欣资源"
600491,"G龙元,龙元建设"
600493,"G凤竹,凤竹纺织"
600495,"G晋西,晋西车轴"
600496,"长江精工,G精工钢,长江精工,精工钢构"
600497,"G驰宏,驰宏锌锗"
600498,"G烽火,烽火通信"
600499,"G粤科达,科达机电,科达洁能,科达制造"
600500,"G中化,中化国际"
600501,"G晨光,航天晨光"
600502,"G水利,安徽水利,安徽建工"
600503,"ST宏智,*ST宏智,ST宏智,ST新智,*ST新智,ST新智,SST新智,S华丽,华丽家族"
600505,"S西昌电,西昌电力"
600506,"G香梨,香梨股份,*ST香梨,ST香梨,香梨股份,*ST香梨,香梨股份,统一股份"
600507,"G长力,长力股份,方大特钢"
600508,"G上能,上海能源"
600509,"G天富,天富热电,天富能源"
600510,"G黑牡丹,黑牡丹"
600511,"G中国药,国药股份"
600512,"G腾达,腾达建设"
600513,"G联环,联环药业"
600515,"ST一投,*ST一投,S*ST一投,*ST一投,ST一投,ST筑信,*ST筑信,ST筑信,ST海建,海岛建设,海航基础,*ST基础,ST基础,海航基础,海南机场"
600516,"*ST海龙,S*ST海龙,*ST海龙,*ST方大,ST方大,方大炭素"
600517,"G置信,置信电气,国网英大"
600518,"G康美,康美药业,ST康美,*ST康美,ST康美"
600519,"G茅台,贵州茅台"
600520,"三佳科技,G三佳,三佳科技,中发科技,*ST中发,中发科技,文一科技"
600521,"G华海,华海药业"
600522,"G中天,中天科技"
600523,"G贵航,贵航股份"
600525,"G长园,长园新材,长园集团"
600526,"G菲达,菲达环保,*ST菲达,菲达环保"
600527,"G高纤,江南高纤"
600528,"G中铁,中铁二局,中铁工业"
600529,"G药玻,山东药玻"
600530,"G昂立,交大昂立,*ST交昂,交大昂立,*ST交昂"
600531,"G豫光,豫光金铅"
600533,"G栖霞,栖霞建设"
600535,"G天士力,天士力"
600536,"中国软件,G中软,中国软件"
600537,"G海通,海通集团,亿晶光电"
600538,"G国发,北海国发,*ST国发,ST国发,北海国发,*ST国发,北海国发,国发股份"
600539,"S狮头,狮头股份,ST狮头,狮头股份,*ST狮头,狮头股份,ST狮头,狮头股份,*ST狮头,ST狮头,狮头股份"
600540,"G新赛,新赛股份,*ST新赛,新赛股份"
600543,"G莫高,莫高股份,*ST莫高"
600545,"G新城建,新疆城建,卓郎智能"
600546,"G中化建,中油化建,山煤国际,*ST山煤,山煤国际"
600547,"G鲁黄金,山东黄金"
600548,"G深高速,深高速"
600549,"G厦钨,厦门钨业"
600550,"G天威,天威保变,*ST天威,保变电气"
600551,"G创新,科大创新,时代出版"
600552,"G方兴,方兴科技,*ST方兴,方兴科技,凯盛科技"
600556,"G北生,北生药业,ST北生,*ST北生,ST北生,*ST北生,北生药业,慧球科技,ST慧球,天下秀"
600557,"G康缘,康缘药业"
600558,"G大西洋,大西洋"
600559,"G裕丰,裕丰股份,老白干酒"
600560,"G金自,金自天正"
600561,"G长运,江西长运"
600562,"G高陶,高淳陶瓷,*ST高陶,ST高陶,高淳陶瓷,国睿科技"
600563,"G法拉,法拉电子"
600565,"G迪马,迪马股份"
600566,"Ｇ洪城,洪城股份,济川药业"
600567,"G山鹰,山鹰纸业,山鹰国际"
600568,"G潜药,潜江制药,*ST潜药,ST潜药,中珠控股,中珠医疗,*ST中珠,ST中珠"
600569,"G安钢,安阳钢铁"
600570,"G恒生,恒生电子"
600571,"G信雅达,信雅达"
600572,"G康恩贝,康恩贝"
600573,"G惠泉,惠泉啤酒"
600575,"G芜湖港,芜湖港,皖江物流,淮河能源"
600576,"*ST庆丰,S*ST庆丰,*ST庆丰,万好万家,万家文化,祥源文化,祥源文旅"
600577,"G精达,精达股份"
600578,"G京能,京能热电,京能电力"
600579,"S黄海,黄海股份,*ST黄海,ST黄海,*ST黄海,天华院,克劳斯"
600580,"G卧龙,卧龙科技,卧龙电气,卧龙电驱"
600581,"G八一,八一钢铁,*ST八钢,八一钢铁"
600582,"S天地,天地科技"
600583,"G海工,海油工程"
600584,"G苏长电,长电科技"
600585,"G海螺,海螺水泥"
600586,"G金晶,金晶科技"
600587,"G新华医,新华医疗"
600588,"G用友,用友软件,用友网络"
600589,"G榕泰,广东榕泰,ST榕泰,*ST榕泰"
600590,"G泰豪,泰豪科技"
600592,"G龙溪,龙溪股份"
600593,"G圣亚,大连圣亚,*ST圣亚,大连圣亚"
600594,"G益佰,益佰制药"
600595,"G中孚,中孚实业,*ST中孚,ST中孚,*ST中孚,ST中孚,中孚实业"
600596,"G新安,新安股份"
600598,"G北大荒,北大荒,*ST大荒,北大荒"
600599,"S花炮,浏阳花炮,*ST花炮,浏阳花炮,熊猫烟花,熊猫金控,*ST熊猫,ST熊猫"
600600,"S青岛啤,青岛啤酒"
600601,"方正科技,ST方科,*ST方科,方正科技"
600602,"广电电子(上电B股),G电子,广电电子,仪电电子（仪电B股）,云赛智联（云赛B股）"
600603,"ST兴业,*ST兴业,ST兴业,*ST兴业,大洲兴业,*ST兴业,大洲兴业,广汇物流"
600604,"G二纺机,二纺机,*ST二纺(*ST二纺B),ST二纺(ST二纺B),*ST二纺(*ST二纺B),二纺机(二纺B股),市北高新(市北B股)"
600605,"G轻机,轻工机械,汇通能源"
600606,"ST嘉丰,金丰投资,G金丰,金丰投资,绿地控股"
600608,"一钢异型,上海科技,S沪科技,S*ST沪科,*ST沪科,ST沪科,*ST沪科,ST沪科,上海科技,*ST沪科,ST沪科,上海科技,*ST沪科,ST沪科"
600609,"一汽金杯,金杯汽车,*ST金杯,G*ST金杯,*ST金杯,ST金杯,金杯汽车,*ST金杯,ST金杯,金杯汽车"
600610,"ST中纺机(ST中纺B),中国纺机(中纺B股),S中纺机,S*ST中纺(S*ST纺B),SST中纺(ST中纺B),S中纺机(中纺B股),S*ST中纺(*ST中纺B),*ST中纺,*ST中毅（*ST中毅B）,中毅达（中毅达B）,*ST毅达(*ST毅达B),ST毅达(ST毅达B),中毅达(中毅达B)"
600611,"大众交通,G沪大众,大众交通"
600612,"G中铅,第一铅笔,中国铅笔,老凤祥（老凤祥B）"
600613,"永生股份,永生数据,*ST永生(*ST永生B),永生数据(永生B股),G永生,永生数据,永生投资,神奇制药(神奇B股)"
600615,"丰华股份,*ST丰华,ST丰华,SST丰华,ST丰华,丰华股份,ST丰华,丰华股份,*ST丰华,丰华股份"
600616,"G食品,第一食品,金枫酒业"
600617,"ST联华(ST联华B),*ST联华(*ST联华B),S*ST联华,*ST联华,联华合纤(联华B股),ST联华（ST联华B）,*ST联华（*ST联华B）,ST联华（ST联华B）,*ST联华(*ST联华B),联华合纤（联华B股）,国新能源（国新B股）"
600618,"G氯碱,氯碱化工"
600619,"海立股份(海立B股),G海立,海立股份"
600620,"天宸股份,G天宸,天宸股份"
600621,"上海金陵,G金陵,上海金陵,华鑫股份"
600622,"ST嘉宝,嘉宝集团,G嘉宝,嘉宝集团,光大嘉宝"
600623,"G轮胎,轮胎橡胶,双钱股份(双钱B股),华谊集团（华谊B股）"
600624,"复旦复华,G复华,复旦复华"
600626,"G申达,申达股份"
600628,"G新世界,新世界"
600629,"ST棱光,*ST棱光,S*ST棱光,*ST棱光,ST棱光,棱光实业,华建集团"
600630,"G龙头,龙头股份"
600633,"ST双鹿,PT双鹿,PT白猫,白猫股份,G白猫,白猫股份,*ST白猫,浙报传媒,浙数文化"
600635,"大众科创,大众公用,G大众,大众公用"
600636,"G三爱富,三爱富,*ST爱富,三爱富,国新文化"
600637,"广电信息,G上广电,广电信息,百视通,东方明珠"
600638,"新黄浦,G新黄浦,新黄浦"
600639,"G金桥,浦东金桥"
600640,"国脉通信,联通国脉,中卫国脉,G国脉,中卫国脉,号百控股,新国脉,国脉文化"
600641,"中远发展,万业企业,G万业,万业企业"
600642,"G申能,申能股份"
600643,"S爱建,爱建股份,爱建集团"
600644,"S乐电,乐山电力,*ST乐电,乐山电力"
600645,"*ST春花,S*ST春花,*ST春花,ST望春花,ST协和,ST中源,中源协和"
600647,"粤海发展,ST粤海发,ST同达,同达创业,G同达,同达创业,*ST同达"
600648,"G外高桥,外高桥"
600649,"G原水,原水股份,城投控股"
600650,"锦江投资（锦投B股）,G锦投,锦江投资,锦江在线（锦在线B）"
600651,"*ST飞乐,飞乐音响"
600653,"华晨集团,申华控股"
600654,"G飞乐,飞乐股份,中安消,*ST中安,ST中安,*ST中安,ST中安,*ST中安,ST中安"
600655,"G豫园,豫园商城,豫园股份"
600657,"青鸟天桥,*ST天桥,G*ST天桥,*ST天桥,ST天桥,北京天桥,信达地产"
600658,"ST京天龙,兆维科技,G兆维,兆维科技,电子城"
600660,"福耀玻璃,G福耀,福耀玻璃"
600661,"交大南洋,G南洋,交大南洋,新南洋,昂立教育"
600662,"上海强生,强生控股,G强生,强生控股,外服控股"
600663,"G陆家嘴,陆家嘴"
600664,"哈药集团,哈药股份,S哈药,哈药股份"
600665,"天地源,G天地源,天地源"
600666,"西南药业,G西药,西南药业,奥瑞德,*ST瑞德,ST瑞德,*ST瑞德,ST瑞德"
600667,"S太极,太极实业"
600668,"尖峰集团,G尖峰,尖峰集团"
600671,"天目药业,S天目药,天目药业,ST天目,天目药业,*ST天目,ST天目,天目药业,*ST目药,ST目药,*ST目药"
600673,"成量股份,阳之光,G阳之光,阳之光,东阳光铝,东阳光科,东阳光"
600674,"川投控股,川投能源,G川投,川投能源"
600675,"G中企,中华企业,*ST中企,中华企业"
600676,"交运股份,G交运,交运股份"
600678,"G金顶,四川金顶,ST金顶,*ST金顶,四川金顶"
600679,"凤凰股份,G凤凰,凤凰股份,金山开发（金山B股）,上海凤凰（凤凰B股）"
600681,"诚成文化,奥园发展,万鸿集团,*ST万鸿,ST万鸿,SST万鸿,S*ST万鸿,ST万鸿,万鸿集团,百川能源"
600682,"S宁新百,南京新百"
600683,"ST甬华联,宁波华联,银泰股份,G银泰,银泰股份,京投银泰,京投发展"
600684,"珠江实业,G穗珠江,珠江实业,珠江股份"
600685,"广船国际,G广船,广船国际,中船防务"
600686,"金龙汽车,G金龙,金龙汽车"
600688,"S上石化,上海石化"
600689,"G三毛,上海三毛,*ST三毛（*ST三毛B）,上海三毛（三毛B股）"
600690,"G海尔,青岛海尔,海尔智家"
600691,"ST东碳,东新电碳,林凤控股,*ST林控,ST林控,ST东碳,SST东碳,*ST东碳,ST东碳,*ST东碳,东新电碳,阳煤化工,*ST阳化,阳煤化工"
600692,"G亚通,亚通股份"
600693,"东百集团,G东百,东百集团"
600694,"大商股份,S大商,大商股份"
600696,"ST豪盛,福建豪盛,利嘉股份,G利嘉,G多伦,多伦股份,匹凸匹,*ST匹凸,ST匹凸,ST岩石,岩石股份"
600697,"欧亚集团,S欧亚,欧亚集团"
600698,"ST轻骑(ST轻骑Ｂ),SST轻骑,*ST轻骑,*ST轻骑(*ST轻骑B),ST轻骑(ST轻骑B),湖南天雁（天雁B股）,*ST天雁（*ST天雁B）,ST天雁（ST天雁B）,湖南天雁（天雁B股）"
600699,"G得亨,辽源得亨,*ST得亨,ST得亨,*ST得亨,ST得亨,辽源得亨,均胜电子"
600702,"沱牌曲酒,G沱牌,沱牌曲酒,沱牌舍得,舍得酒业,ST舍得,舍得酒业"
600703,"ST活力,ST天颐,天颐科技,*ST天颐,S*ST天颐,ST天颐,ST三安,三安光电"
600704,"G中大,中大股份,物产中大"
600705,"*ST北亚,S*ST北亚,ST航投,中航投资,中航资本,中航产融"
600706,"G长信,长安信息,*ST长信,ST长信,长安信息,曲江文旅"
600707,"G彩虹,彩虹股份,*ST彩虹,彩虹股份"
600708,"海博股份,G海博,海博股份,光明地产"
600710,"G常林,常林股份,*ST常林,ST常林,苏美达"
600711,"雄震集团,*ST雄震,S*ST雄震,*ST雄震,ST雄震,雄震矿业,盛屯矿业"
600712,"S南百,南宁百货"
600713,"G南药,南京医药"
600714,"金瑞矿业,G金瑞矿,金瑞矿业,*ST金瑞,ST金瑞,金瑞矿业"
600715,"ST松辽,松辽汽车,ST松辽,*ST松辽,ST松辽,*ST松辽,S*ST松辽,*ST松辽,ST松辽,*ST松辽,ST松辽,松辽汽车,*ST松辽,松辽汽车,文投控股"
600716,"G耀华,耀华玻璃,*ST耀华,ST耀华,ST凤凰,凤凰股份"
600717,"天津港,G天津港,天津港"
600718,"东软股份,G东软,东软股份,东软集团"
600719,"G大热电,大连热电,ST热电,大连热电"
600720,"G祁连山,祁连山"
600721,"ST百花村,PT百花村,百花村,*ST百花,S*ST百花,SST百花,ST百花,百花村,*ST百花,百花村,*ST百花,ST百花,*ST百花,百花村,百花医药"
600722,"S沧化,沧州化工,*ST沧化,ST沧化,ST金化,*ST金化,ST金化,金牛化工,*ST金化,金牛化工"
600724,"S甬富达,宁波富达"
600725,"G云维,云维股份,*ST云维,ST云维,云维股份"
600726,"华电能源(华电B股),G华电能,华电能源,*ST华源(*ST华电B),华电能源(华电B股),*ST华源(*ST华电B),华电能源(华电B股)"
600727,"G鲁北,鲁北化工,*ST鲁北,ST鲁北,鲁北化工"
600728,"新太科技,*ST新太,S*ST新太,SST新太,S*ST新太,*ST新太,ST新太,新太科技,佳都新太,佳都科技"
600729,"G重百,重庆百货"
600730,"G高科,中国高科"
600731,"G海利,湖南海利"
600732,"上海新梅,G新梅,上海新梅,*ST新梅,ST新梅,ST爱旭,爱旭股份"
600733,"S前锋,S*ST前锋,S前锋,S*ST前锋,SST前锋,S蓝谷,北汽蓝谷"
600734,"ST实达,实达电脑,实达集团,*ST实达,S*ST实达,ST实达,实达集团,*ST实达,ST实达"
600735,"兰陵陈香,*ST陈香,ST陈香,SST陈香,S*ST陈香,S*ST锦股,*ST锦股,新华锦"
600736,"G苏高新,苏州高新"
600737,"ST屯河,*ST屯河,S*ST屯河,*ST屯河,中粮屯河,中粮糖业"
600738,"ST民百,*ST民百,ST民百,兰州民百,G民百,兰州民百,丽尚国潮"
600739,"G成大,辽宁成大"
600740,"G山焦,山西焦化,*ST山焦,山西焦化"
600741,"G沪巴士,巴士股份,华域汽车"
600742,"G四环,一汽四环,一汽富维"
600743,"ST幸福,SST幸福,ST幸福,华远地产"
600744,"G华银,华银电力"
600745,"ST康赛,天华股份,*ST天华,S*ST天华,ST天华,中茵股份,闻泰科技"
600746,"G索普,江苏索普"
600748,"上实发展,G实发展,上实发展"
600749,"ST藏圣地,*ST圣地,西藏圣地,G圣地,西藏圣地,西藏旅游,*ST藏旅,西藏旅游"
600750,"江中药业,G江中,江中药业"
600751,"ST天海(ST天海B),*ST天海(*ST天海B),S*ST天海,SST天海（ST天海B）,S*ST天海(*ST天海B),SST天海（ST天海B）,S天海(天海B),天津海运,天海投资,海航科技(海科B)"
600753,"ST冰熊,GST冰熊,ST冰熊,东方银星,庚星股份"
600754,"锦江酒店（锦江B股）,G锦江,锦江股份,锦江酒店"
600755,"G厦国贸,厦门国贸"
600756,"齐鲁软件,浪潮软件,G鲁浪潮,浪潮软件"
600757,"S华源发,华源发展,*ST源发,ST源发,*ST源发,ST源发,长江传媒"
600758,"ST金帝,金帝建设,ST金帝,*ST金帝,ST金帝,SST金帝,ST金帝,ST红阳,红阳能源,辽宁能源"
600759,"ST琼华侨,PT琼华侨,ST琼华侨,*ST华侨,S*ST华侨,*ST华侨,ST华侨,华侨股份,正和股份,洲际油气,ST洲际"
600760,"ST黑豹,*ST黑豹,ST黑豹,GST黑豹,ST黑豹,东安黑豹,中航黑豹,*ST黑豹,中航黑豹,*ST黑豹,中航黑豹,中航沈飞"
600761,"G合力,安徽合力"
600763,"ST中燕,*ST中燕,ST中燕,SST中燕,ST中燕,ST通策,通策医疗"
600764,"中电广通,G中广通,中电广通,中国海防"
600765,"G力源,力源液压,中航重机"
600766,"烟台发展,ST烟发,*ST烟发,ST烟发,*ST烟发,G*ST烟发,*ST烟发,园城股份,ST园城,*ST园城,园城黄金,*ST园城,园城黄金,*ST园城"
600768,"ST甬华通,ST甬富邦,宁波富邦,S甬富邦,宁波富邦"
600769,"ST祥龙,*ST祥龙,祥龙电业,G祥龙,祥龙电业,*ST祥龙,ST祥龙,*ST祥龙,祥龙电业"
600770,"G综艺,综艺股份"
600771,"东盛科技,G东盛,东盛科技,ST东盛,东盛科技,广誉远"
600773,"*ST金珠,S*ST金珠,*ST金珠,*ST雅砻,ST雅砻,*ST雅砻,西藏雅砻,西藏城投"
600774,"G汉商,汉商集团"
600775,"ST熊猫,南京熊猫,G熊猫,南京熊猫"
600776,"*ST东信(*ST东信B),东方通信(东信B股),G东信,东方通信"
600777,"G新潮,新潮实业,新潮能源"
600778,"友好集团,G友好,友好集团,*ST友好,友好集团"
600779,"全兴股份,G全兴,水井坊,*ST水井,水井坊"
600780,"G通宝,通宝能源"
600782,"S新华,新华股份,新钢股份"
600783,"鲁信高新,G鲁信,鲁信高新,鲁信创投"
600784,"鲁银投资,ST鲁银,*ST鲁银,鲁银投资,G鲁银,鲁银投资"
600785,"G新百,新华百货"
600787,"G中储,中储股份"
600789,"S鲁抗药,鲁抗医药"
600790,"S轻纺城,轻纺城"
600791,"贵华旅业,天创置业,G天创,天创置业,京能置业"
600792,"ST马龙,云南马龙,马龙产业,G马龙,马龙产业,*ST马龙,ST马龙,*ST马龙,云煤能源"
600793,"ST宜纸,宜宾纸业,G宜纸,宜宾纸业,*ST宜纸,ST宜纸,宜宾纸业"
600794,"保税科技,G保税,保税科技"
600795,"国电电力,G国电,国电电力"
600796,"G生化,钱江生化"
600797,"天然科技,浙大网新,G网新,浙大网新"
600798,"G海运,宁波海运"
600800,"*ST磁卡,S*ST磁卡,SST磁卡,ST磁卡,天津磁卡,渤海化学"
600801,"华新水泥,G华新,华新水泥"
600802,"G闽水泥,福建水泥"
600803,"威远生化,G威远,威远生化,新奥股份"
600804,"工益股份,鹏博士,G鹏博士,鹏博士,ST鹏博士"
600805,"悦达投资,S悦达,悦达投资"
600807,"ST济百,*ST济百,ST济百,*ST济百,S*ST济百,*ST济百,天业股份,*ST天业,ST天业,济南高新"
600808,"马钢股份,G马钢,马钢股份"
600809,"G汾酒,山西汾酒"
600810,"神马实业,G神马,神马实业,神马股份"
600811,"东方集团,G东方,东方集团"
600812,"华北制药,G华药,华北制药"
600814,"G解百,杭州解百"
600815,"厦工股份,G厦工,厦工股份,*ST厦工,厦工股份,*ST厦工,厦工股份"
600816,"安信信托,*ST安信,G*ST安信,G安信,安信信托,*ST安信,ST安信,ST建元"
600817,"宏盛科技,G宏盛,宏盛科技,ST宏盛,*ST宏盛,ST宏盛,*ST宏盛,ST宏盛,宏盛科技,宇通重工"
600818,"ST永久(ST永久B),PT永久(PT永久B),ST永久(ST永久B),上海永久(永久B股),G永久,上海永久,中路股份(中路B股)"
600819,"G耀皮,耀皮玻璃"
600820,"G隧道,隧道股份"
600821,"G劝业,津劝业,*ST劝业,津劝业,金开新能"
600822,"上海物贸,G物贸,物贸中心,上海物贸"
600823,"世茂股份,G世茂,世茂股份,ST世茂"
600824,"G益民,益民百货,益民商业,益民集团"
600825,"华联超市,S华联,新华传媒"
600826,"G兰生,兰生股份"
600827,"友谊股份,G友谊,友谊股份,百联股份（百联B股）"
600828,"成商集团,G成商,成商集团,*ST成商,成商集团,茂业商业"
600829,"天鹅股份,三精制药,S三精,三精制药,人民同泰"
600830,"大红鹰,S大红鹰,大红鹰,香溢融通"
600831,"黄河科技,ST黄河科,广电网络,G广电,广电网络"
600833,"ST网点,PT网点,商业网点,第一医药,G一医,第一医药"
600834,"申通地铁,G申地铁,申通地铁"
600835,"上海电气（电气B股）,上海机电（机电B股）,G机电,上海机电"
600836,"G界龙,界龙实业,*ST界龙,界龙实业,上海易连"
600837,"ST农商社,PT农商社,都市股份,G都市,都市股份,海通证券"
600838,"上海九百,G九百,上海九百"
600839,"G长虹,四川长虹"
600841,"G上柴,上柴股份,动力新科（动力B股）"
600843,"上工股份,上工申贝,G上工,上工申贝"
600844,"大盈股份(大盈B股),*ST大盈(*ST大盈B),ST大盈(ST大盈B),SST大盈,ST大盈,ST丹科(ST丹科B),丹化科技(丹科B股),*ST丹科(*ST丹科B),丹化科技(丹科B股)"
600845,"上海钢管,ST钢管(ST钢管B),PT钢管(PT钢管B),PT宝信(PT宝信B),宝信软件(宝信B),G宝信,宝信软件"
600846,"G同科,同济科技"
600847,"ST渝万里,万里电池,ST渝万里,*ST万里,ST渝万里,GST万里,ST渝万里,万里股份,*ST万里,万里股份"
600848,"ST自仪(ST自仪Ｂ),SST自仪,ST自仪,自仪股份(自仪B股),上海临港(临港B股)"
600850,"G华电脑,华东电脑,电科数字"
600851,"G海欣,海欣股份"
600853,"ST北特钢,ST龙建,龙建股份,S龙建,龙建股份"
600854,"G春兰,春兰股份,*ST春兰,ST春兰,春兰股份"
600855,"ST北旅,PT北旅,航天长峰,G长峰,航天长峰"
600857,"首创科技,工大首创,G工大,工大首创,宁波中百"
600858,"渤海集团,ST渤海,*ST渤海,ST渤海,银座股份,G银座,银座股份"
600859,"S王府井,王府井"
600860,"G北人,北人股份,*ST北人,ST北人,北人股份,京城股份,*ST京城,京城股份,*ST京城,京城股份,*ST京城,京城股份"
600861,"G京城乡,北京城乡,北京人力"
600862,"ST通机,南通机床,纵横国际,ST纵横,*ST纵横,ST纵横,SST纵横,SST通科,S*ST通科,*ST通科,南通科技,中航高科"
600863,"G蒙电,内蒙华电"
600864,"岁宝热电,ST岁宝,岁宝热电,G岁宝,岁宝热电,哈投股份"
600865,"百大集团,S百大,百大集团"
600866,"星湖股份,星湖科技,G星湖,星湖科技,*ST星湖,星湖科技"
600867,"G东宝,通化东宝"
600868,"梅雁股份,G梅雁,梅雁水电,*ST梅雁,ST梅雁,梅雁水电,梅雁吉祥"
600869,"三普药业,*ST三普,三普药业,G三普,三普药业,远东电缆,智慧能源,远东股份"
600871,"S仪化,仪征化纤,*ST仪化,石化油服,*ST油服,石化油服"
600872,"中炬高新,G中炬,中炬高新"
600873,"ST藏明珠,*ST明珠,五洲明珠,G五洲,五洲明珠,梅花集团,梅花生物"
600874,"ST渤化,ST创业,创业环保,G创业,创业环保"
600875,"G东电,东方电机,东方电气"
600876,"ST洛玻,洛阳玻璃,*ST洛玻,洛阳玻璃,G洛玻,洛阳玻璃,*ST洛玻,ST洛玻,洛阳玻璃,凯盛新能"
600877,"G嘉陵,中国嘉陵,*ST嘉陵,中国嘉陵,*ST嘉陵,ST嘉陵,*ST嘉陵,*ST电能,ST电能,电能股份,声光电科,电科芯片"
600879,"火箭股份,G火箭,火箭股份,航天电子"
600880,"博瑞传播,G博瑞,博瑞传播"
600881,"亚泰集团,G亚泰,亚泰集团"
600882,"大成股份,G大成,大成股份,*ST大成,华联矿业,广泽股份,妙可蓝多"
600883,"云南保山,富邦科技,博闻科技,G博闻,博闻科技"
600884,"G杉杉,杉杉股份"
600885,"力诺工业,力诺太阳,G力诺,力诺太阳,*ST力阳,ST力阳,ST宏发,宏发股份"
600886,"国投电力,ST华靖,*ST华靖,国投电力,G华靖,国投电力"
600887,"G伊利,伊利股份,*ST伊利,伊利股份"
600888,"G众和,新疆众和"
600889,"S宁化纤,南京化纤"
600892,"ST石劝业,石劝业,湖大科教,*ST湖科,ST湖科,SST湖科,S*ST湖科,*ST湖科,ST湖科,ST宝诚,*ST宝诚,ST宝诚,宝诚股份,大晟文化,*ST大晟,大晟文化"
600893,"ST吉发,华润生化,S吉生化,航空动力,中航动力,航发动力"
600894,"G广钢,广钢股份,*ST广钢,广日股份"
600895,"G张江,张江高科"
600897,"厦门空港,G厦空港,厦门空港"
600898,"ST郑百文,PT郑百文,郑百文,三联商社,S商社,三联商社,*ST三联,ST三联,三联商社,国美通讯,*ST美讯,ST美讯,国美通讯,ST美讯"
600900,"G长电,长江电力"
600901,江苏金租
600929,雪天盐业
600960,"G活塞,滨州活塞,渤海活塞,渤海汽车"
600961,"G株冶,株冶火炬,株冶集团,*ST株冶,株冶集团"
600962,"G中鲁,国投中鲁,*ST中鲁,国投中鲁"
600963,"G岳纸,岳阳纸业,岳阳林纸"
600965,"G福成,福成五丰,福成股份"
600966,"G博汇,博汇纸业"
600967,"G北创,北方创业,内蒙一机"
600969,"G郴电,郴电国际"
600970,"G中材,中材国际"
600971,"G恒源,恒源煤电"
600973,"G宝胜,宝胜股份"
600975,"G新五丰,新五丰"
600976,"G健民,武汉健民,健民集团"
600979,"G爱众,广安爱众"
600980,"G北矿,北矿磁材,*ST北磁,北矿磁材,北矿科技"
600981,"G苏纺织,江苏纺织,江苏开元,汇鸿股份,汇鸿集团"
600982,"G宁热电,宁波热电,宁波能源"
600983,"G合三洋,合肥三洋,惠而浦"
600984,"G建机,建设机械,*ST建机,ST建机,*ST建机,ST建机,建设机械,*ST建机,建设机械"
600985,"G雷鸣,雷鸣科化,淮北矿业"
600986,"G科达,科达股份,浙文互联"
600987,"G航民,航民股份"
600988,"S宝龙,东方宝龙,*ST宝龙,ST宝龙,*ST宝龙,ST宝龙,赤峰黄金"
600990,"G四创,四创电子"
600992,"G贵绳,贵绳股份"
600993,"G马应龙,马应龙"
600995,"G文电,文山电力,南网储能"
600997,"G开滦,开滦股份"
601001,晋控煤业
601005,"*ST重钢,重庆钢铁"
601012,隆基绿能
601020,"ST华钰,华钰矿业"
601058,"赛轮金宇,赛轮轮胎"
601100,恒立液压
601106,"*ST一重,中国一重"
601113,"华鼎股份,ST华鼎,华鼎股份"
601127,赛力斯
601216,君正集团
601222,林洋能源
601360,三六零
601399,"*ST二重,二重5,国重装5,国机重装"
601519,"*ST智慧,大智慧"
601567,三星医疗
601599,"鹿港文化,浙文影业"
601607,"上海医药,G上药,上海医药"
601609,金田股份
601666,平煤股份
601669,中国电建
601766,中国中车
601777,"*ST力帆,ST力帆,力帆科技"
601798,"*ST蓝科,ST蓝科,蓝科高新"
601866,中远海发
601880,辽港股份
601886,"江河创建,江河集团"
601888,中国中免
601918,"*ST新集,新集能源"
601919,"*ST远洋,中国远洋,中远海控"
601975,"G水运,南京水运,长航油运,*ST长油,退市长油,长油5,长航油运,招商南油"
601992,金隅集团
603001,ST奥康
603003,龙宇股份
603007,ST花王
603011,合锻智能
603017,中衡设计
603018,"中设集团,华设集团"
603026,胜华新材
603030,*ST全筑
603031,安孚科技
603032,"*ST德新,德新交运,德新科技"
603039,"ST泛微,泛微网络"
603077,和邦生物
603106,恒银科技
603117,"万林物流,ST万林"
603133,*ST碳元
603185,弘元绿能
603188,"ST亚邦,亚邦股份,ST亚邦,亚邦股份"
603203,快克智能
603220,中贝通信
603222,济民医疗
603279,景津装备
603299,苏盐井神
603300,华铁应急
603305,旭升集团
603311,金海高科
603313,梦百合
603318,水发燃气
603322,"ST超讯,超讯通信"
603323,苏农银行
603330,天洋新材
603333,尚纬股份
603339,四方科技
603359,东珠生态
603368,"柳药股份,柳药集团"
603386,骏亚科技
603389,"*ST亚振,亚振家居"
603398,沐邦高科
603399,吉翔股份
603477,巨星农牧
603518,锦泓集团
603536,惠发食品
603555,"*ST贵人,ST贵人,贵人鸟,ST贵人"
603557,ST起步
603559,ST通脉
603603,*ST博天
603609,禾丰股份
603656,泰禾智能
603682,锦和商管
603686,福龙马
603700,宁水集团
603716,塞力医疗
603729,"ST龙韵,龙韵股份"
603779,"ST威龙,威龙股份"
603801,志邦家居
603810,"ST丰山,丰山集团"
603818,曲美家居
603859,能科科技
603863,"松炀资源,ST松炀,松炀资源"
603869,新智认知
603880,ST南卫
603887,城地香江
603899,晨光股份
603900,莱绅通灵
603909,建发合诚
605018,长华集团
605198,安德利
605299,舒华体育
900942,"G黄山,黄山旅游"
900940,"S华源,华源股份,*ST华源(*ST华源B),ST华源(ST华源B),大名城（大名城B）"
900952,"ST锦州港(ST锦港B),锦州港(锦港B股),G锦州港,锦州港"
900945,"G海航,海南航空,海航控股(海控B股),*ST海航(*ST海航B),ST海航（ST海航B）,海航控股(海控B股)"
900943,"S开开,开开实业"
900936,"G鄂绒,鄂尔多斯,鄂资B股"
900947,"G振华,振华港机,振华重工"
900901,"广电电子(上电B股),G电子,广电电子,仪电电子（仪电B股）,云赛智联（云赛B股）"
900902,"G二纺机,二纺机,*ST二纺(*ST二纺B),ST二纺(ST二纺B),*ST二纺(*ST二纺B),二纺机(二纺B股),市北高新(市北B股)"
900906,"ST中纺机(ST中纺B),中国纺机(中纺B股),S中纺机,S*ST中纺(S*ST纺B),SST中纺(ST中纺B),S中纺机(中纺B股),S*ST中纺(*ST中纺B),*ST中纺,*ST中毅（*ST中毅B）,中毅达（中毅达B）,*ST毅达(*ST毅达B),ST毅达(ST毅达B),中毅达(中毅达B)"
900903,"大众交通,G沪大众,大众交通"
900905,"G中铅,第一铅笔,中国铅笔,老凤祥（老凤祥B）"
900904,"永生股份,永生数据,*ST永生(*ST永生B),永生数据(永生B股),G永生,永生数据,永生投资,神奇制药(神奇B股)"
900913,"ST联华(ST联华B),*ST联华(*ST联华B),S*ST联华,*ST联华,联华合纤(联华B股),ST联华（ST联华B）,*ST联华（*ST联华B）,ST联华（ST联华B）,*ST联华(*ST联华B),联华合纤（联华B股）,国新能源（国新B股）"
900908,"G氯碱,氯碱化工"
900910,"海立股份(海立B股),G海立,海立股份"
900909,"G轮胎,轮胎橡胶,双钱股份(双钱B股),华谊集团（华谊B股）"
900911,"G金桥,浦东金桥"
900912,"G外高桥,外高桥"
900914,"锦江投资（锦投B股）,G锦投,锦江投资,锦江在线（锦在线B）"
900932,"G陆家嘴,陆家嘴"
900916,"凤凰股份,G凤凰,凤凰股份,金山开发（金山B股）,上海凤凰（凤凰B股）"
900922,"G三毛,上海三毛,*ST三毛（*ST三毛B）,上海三毛（三毛B股）"
900946,"ST轻骑(ST轻骑Ｂ),SST轻骑,*ST轻骑,*ST轻骑(*ST轻骑B),ST轻骑(ST轻骑B),湖南天雁（天雁B股）,*ST天雁（*ST天雁B）,ST天雁（ST天雁B）,湖南天雁（天雁B股）"
900937,"华电能源(华电B股),G华电能,华电能源,*ST华源(*ST华电B),华电能源(华电B股),*ST华源(*ST华电B),华电能源(华电B股)"
900938,"ST天海(ST天海B),*ST天海(*ST天海B),S*ST天海,SST天海（ST天海B）,S*ST天海(*ST天海B),SST天海（ST天海B）,S天海(天海B),天津海运,天海投资,海航科技(海科B)"
900934,"锦江酒店（锦江B股）,G锦江,锦江股份,锦江酒店"
900941,"*ST东信(*ST东信B),东方通信(东信B股),G东信,东方通信"
900915,"ST永久(ST永久B),PT永久(PT永久B),ST永久(ST永久B),上海永久(永久B股),G永久,上海永久,中路股份(中路B股)"
900918,"G耀皮,耀皮玻璃"
900927,"上海物贸,G物贸,物贸中心,上海物贸"
900923,"友谊股份,G友谊,友谊股份,百联股份（百联B股）"
900925,"上海电气（电气B股）,上海机电（机电B股）,G机电,上海机电"
900920,"G上柴,上柴股份,动力新科（动力B股）"
900924,"上工股份,上工申贝,G上工,上工申贝"
900921,"大盈股份(大盈B股),*ST大盈(*ST大盈B),ST大盈(ST大盈B),SST大盈,ST大盈,ST丹科(ST丹科B),丹化科技(丹科B股),*ST丹科(*ST丹科B),丹化科技(丹科B股)"
900926,"上海钢管,ST钢管(ST钢管B),PT钢管(PT钢管B),PT宝信(PT宝信B),宝信软件(宝信B),G宝信,宝信软件"
900928,"ST自仪(ST自仪Ｂ),SST自仪,ST自仪,自仪股份(自仪B股),上海临港(临港B股)"
900917,"G海欣,海欣股份"
900929,锦旅B股
900939,"*ST汇丽B,ST汇丽B,*ST汇丽B,ST汇丽B,汇丽Ｂ"
900948,伊泰B股
900953,"*ST凯马B,凯马B"
688086,"*ST紫晶,退市紫晶"
688109,品茗科技
688179,阿拉丁
688199,久日新材
688272,*ST富吉
688287,观典防务
688309,"*ST恒誉,恒誉环保"
688396,华润微电子
688500,"慧辰股份,*ST慧辰"
688555,"*ST泽达,退市泽达"
688565,力源环保
688680,海优新材
430090,同辉信息
430476,海能技术
430478,峆一药业
830946,森萱医药
831010,凯添燃气
831152,昆工科技
831445,"龙泰家居,龙竹科技"
831906,舜宇精工
831961,创远信科
832225,利通科技
833171,国航远洋
833427,华维设计
833781,瑞奇智造
833873,中设咨询
833914,远航精密
834021,流金科技
834062,科润智控
836208,青矩技术
836247,华密新材
837092,汉鑫科技
837242,建邦科技
838030,德众汽车
838163,方大新材
839273,一致魔芋
